{
  "0.0": {
    "coop_mean": 0.749704394569467,
    "coop_ci": 0.13198686416451055,
    "coop_values": [
      0.7812477745668248,
      0.847171162605608,
      0.8822409619956362,
      0.8921943895870994,
      0.2673706847498652,
      0.8598376933427134,
      0.7057122194079497,
      0.8316501987087481,
      0.7479466713512621,
      0.6816721893789628
    ],
    "signal_mean": 0.708295087727583,
    "listen_mean": 0.5426284719874178,
    "delta": 0.10314856112484856
  },
  "0.05": {
    "coop_mean": 0.7396119945080366,
    "coop_ci": 0.18133978063207307,
    "coop_values": [
      0.9528501575836184,
      0.8070231120001976,
      0.845167022214205,
      0.7199723432492614,
      0.8775979442142453,
      0.6694693043887933,
      0.7333045461938372,
      0.9124998604328376,
      0.814879906123253,
      0.06335574868011727
    ],
    "signal_mean": 0.623138278140582,
    "listen_mean": 0.49387661814378536,
    "delta": 0.04667455106788222
  },
  "0.1": {
    "coop_mean": 0.6605656611726061,
    "coop_ci": 0.14963740807571319,
    "coop_values": [
      0.6285879524841996,
      0.12028052875571908,
      0.741643521666425,
      0.6114654474200845,
      0.8891422524284297,
      0.6720883509420157,
      0.6765752949145104,
      0.6827128201430799,
      0.7442269534049594,
      0.8389334895666372
    ],
    "signal_mean": 0.6557198764050364,
    "listen_mean": 0.5732176433961043,
    "delta": 0.09579955361104306
  },
  "0.15000000000000002": {
    "coop_mean": 0.7806310224062434,
    "coop_ci": 0.17112399866120964,
    "coop_values": [
      0.8620300246387309,
      0.8692050572169445,
      0.9254627396678288,
      0.8280478510534208,
      0.9149573209104159,
      0.8658418353949884,
      0.134485248373034,
      0.9206002081144099,
      0.6649520599311963,
      0.8207278787614639
    ],
    "signal_mean": 0.7209058161024213,
    "listen_mean": 0.47255542231182257,
    "delta": 0.0975224920039767
  },
  "0.2": {
    "coop_mean": 0.6734069621591379,
    "coop_ci": 0.2120437580056064,
    "coop_values": [
      0.9291597574355192,
      0.7764563522752241,
      0.6812645390258881,
      0.6957966726657936,
      0.761426786941766,
      0.8862813846233837,
      0.10592464873052583,
      0.8936691991347205,
      0.16150166601506116,
      0.8425886147434964
    ],
    "signal_mean": 0.590849881353186,
    "listen_mean": 0.5677137903616382,
    "delta": 0.08449806208831193
  },
  "0.25": {
    "coop_mean": 0.7034004467217396,
    "coop_ci": 0.1998536266154991,
    "coop_values": [
      0.8437757843757758,
      0.22306954063076606,
      0.9241139992747677,
      0.9419116935414784,
      0.7357955944672517,
      0.8946065206792815,
      0.8235269144420737,
      0.6420310625473957,
      0.8266803950265477,
      0.17849296223205804
    ],
    "signal_mean": 0.47317388434901364,
    "listen_mean": 0.45803599075478285,
    "delta": 0.07532126259712055
  },
  "0.30000000000000004": {
    "coop_mean": 0.5191323554725163,
    "coop_ci": 0.2860821957920479,
    "coop_values": [
      0.19055515258554442,
      0.13716160682705705,
      0.9011272629375281,
      0.15388607473790294,
      0.11815906776944342,
      0.8677590943185411,
      0.1077140924414378,
      0.8314066739131875,
      0.946416705528142,
      0.9371378236663787
    ],
    "signal_mean": 0.46739803389239054,
    "listen_mean": 0.4792988344314889,
    "delta": 0.033271277574853465
  },
  "0.35000000000000003": {
    "coop_mean": 0.6569593026964102,
    "coop_ci": 0.2448324996199714,
    "coop_values": [
      0.9085318559989185,
      0.9106364799004668,
      0.9528909654772665,
      0.8982807246002192,
      0.7681581371894816,
      0.23299043709822267,
      0.896660544364544,
      0.10240720660180518,
      0.18706796998376446,
      0.7119687057494137
    ],
    "signal_mean": 0.6473845550911673,
    "listen_mean": 0.39217299059851274,
    "delta": 0.12334832138617656
  },
  "0.4": {
    "coop_mean": 0.7727362734488725,
    "coop_ci": 0.06128362960598927,
    "coop_values": [
      0.6651646323250989,
      0.7005150566120636,
      0.8417157128749521,
      0.9378471070088885,
      0.7276528843773733,
      0.8021821179198231,
      0.7374858311450203,
      0.6781199117609589,
      0.8185477851418407,
      0.8181316953227055
    ],
    "signal_mean": 0.5905630937771066,
    "listen_mean": 0.5247862347747694,
    "delta": 0.0502420534544644
  },
  "0.45": {
    "coop_mean": 0.6627327381718963,
    "coop_ci": 0.19092192464959515,
    "coop_values": [
      0.0861541780084786,
      0.6836549868691306,
      0.5928859787239243,
      0.8742091358726993,
      0.7911915005641953,
      0.705493144060227,
      0.9106116497065007,
      0.7525591514279085,
      0.3268946573467095,
      0.9036729991391885
    ],
    "signal_mean": 0.60850671350942,
    "listen_mean": 0.49207186899424954,
    "delta": 0.08423830849904175
  },
  "0.5": {
    "coop_mean": 0.639857565459975,
    "coop_ci": 0.2022226354237267,
    "coop_values": [
      0.82703144738685,
      0.8218462154421924,
      0.920226377962506,
      0.80768330067911,
      0.15677108168819442,
      0.6723464296014056,
      0.7973728099441441,
      0.6619129419935524,
      0.10647982129902374,
      0.6269052286027713
    ],
    "signal_mean": 0.6224258658732306,
    "listen_mean": 0.5120311613186037,
    "delta": 0.04404843249200194
  },
  "0.55": {
    "coop_mean": 0.726605281053414,
    "coop_ci": 0.16698249244757574,
    "coop_values": [
      0.7002072988660353,
      0.7895620345535427,
      0.8976721922127211,
      0.8042058787195384,
      0.8423103197894781,
      0.7239307963091838,
      0.08284587421437103,
      0.7990448357621232,
      0.7780298113441982,
      0.8482437687629487
    ],
    "signal_mean": 0.7421424422704118,
    "listen_mean": 0.45054185734384705,
    "delta": 0.08368847472949446
  },
  "0.6000000000000001": {
    "coop_mean": 0.5999386667308672,
    "coop_ci": 0.21714275811627626,
    "coop_values": [
      0.7111524969863448,
      0.791446195838219,
      0.8332655457273477,
      0.10280288516478407,
      0.22806987656739747,
      0.8431608947127033,
      0.840141297211297,
      0.17840750762131763,
      0.6677441171820175,
      0.8031958502972435
    ],
    "signal_mean": 0.6374231926705534,
    "listen_mean": 0.4808392772683726,
    "delta": 0.0576716394447449
  },
  "0.65": {
    "coop_mean": 0.7223098971850658,
    "coop_ci": 0.1638880671079005,
    "coop_values": [
      0.8420591446973038,
      0.8602551557795868,
      0.32210104603407236,
      0.9043402789552791,
      0.764545944045884,
      0.7780634103527816,
      0.8026374061881009,
      0.71753275734203,
      0.2904276998966809,
      0.9411361285589379
    ],
    "signal_mean": 0.6894745526867985,
    "listen_mean": 0.40523543701103654,
    "delta": 0.09692566070808281
  },
  "0.7000000000000001": {
    "coop_mean": 0.7850182581861846,
    "coop_ci": 0.07399443241470431,
    "coop_values": [
      0.7623288667272267,
      0.9312293885479808,
      0.7137589648674854,
      0.9029972362053702,
      0.6558659275417081,
      0.6418131872224447,
      0.7418986434603697,
      0.8796443676066378,
      0.7549382243579835,
      0.8657077753246398
    ],
    "signal_mean": 0.6080030302451449,
    "listen_mean": 0.45982383162631985,
    "delta": 0.08334286932781225
  },
  "0.75": {
    "coop_mean": 0.7104438667268336,
    "coop_ci": 0.16082228513662714,
    "coop_values": [
      0.7086050699140275,
      0.9530063738047928,
      0.6585311352254921,
      0.15127270175879814,
      0.8341000547857487,
      0.6768764024173155,
      0.8820923419396806,
      0.6692259846158981,
      0.6806688442469447,
      0.8900597585596376
    ],
    "signal_mean": 0.8031379816802968,
    "listen_mean": 0.5937246557731541,
    "delta": 0.07153908960549071
  },
  "0.8": {
    "coop_mean": 0.8259309636163381,
    "coop_ci": 0.06218914640604727,