{
  "Swift": {
    "params": {
      "gc": 0.08,
      "gw": 0.0235,
      "name": "Swift"
    },
    "lifespan": 19,
    "final_mass": 0.0,
    "total_displacement": 151.93204782766526
  },
  "Pulsar": {
    "params": {
      "gc": 0.08,
      "gw": 0.0334,
      "name": "Pulsar"
    },
    "lifespan": 500,
    "final_mass": 992.0307350183084,
    "total_displacement": 37.82232610410858
  },
  "Whisper": {
    "params": {
      "gc": 0.0968,
      "gw": 0.035,
      "name": "Whisper"
    },
    "lifespan": 500,
    "final_mass": 1050.37123921504,
    "total_displacement": 69.14006344557468
  },
  "Storm": {
    "params": {
      "gc": 0.0926,
      "gw": 0.0268,
      "name": "Storm"
    },
    "lifespan": 17,
    "final_mass": 0.0,
    "total_displacement": 108.11675558288
  }
}